Transaction ID,Date,Customer ID,Gender,Age,Product Category,Quantity,Price per Unit,Total Amount,year,month,month_name
1,2023-11-24,cust001,male,34,beauty,3,50,150,2023,11,nov
2,2023-02-27,cust002,female,26,clothing,2,500,1000,2023,2,feb
3,2023-01-13,cust003,male,50,electronics,1,30,30,2023,1,jan
4,2023-05-21,cust004,male,37,clothing,1,500,500,2023,5,may
5,2023-05-06,cust005,male,30,beauty,2,50,100,2023,5,may
6,2023-04-25,cust006,female,45,beauty,1,30,30,2023,4,apr
7,2023-03-13,cust007,male,46,clothing,2,25,50,2023,3,mar
8,2023-02-22,cust008,male,30,electronics,4,25,100,2023,2,feb
9,2023-12-13,cust009,male,63,electronics,2,300,600,2023,12,dec
10,2023-10-07,cust010,female,52,clothing,4,50,200,2023,10,oct
11,2023-02-14,cust011,male,23,clothing,2,50,100,2023,2,feb
12,2023-10-30,cust012,male,35,beauty,3,25,75,2023,10,oct
13,2023-08-05,cust013,male,22,electronics,3,500,1500,2023,8,aug
14,2023-01-17,cust014,male,64,clothing,4,30,120,2023,1,jan
15,2023-01-16,cust015,female,42,electronics,4,500,2000,2023,1,jan
16,2023-02-17,cust016,male,19,clothing,3,500,1500,2023,2,feb
17,2023-04-22,cust017,female,27,clothing,4,25,100,2023,4,apr
18,2023-04-30,cust018,female,47,electronics,2,25,50,2023,4,apr
19,2023-09-16,cust019,female,62,clothing,2,25,50,2023,9,sep
20,2023-11-05,cust020,male,22,clothing,3,300,900,2023,11,nov
21,2023-01-14,cust021,female,50,beauty,1,500,500,2023,1,jan
22,2023-10-15,cust022,male,18,clothing,2,50,100,2023,10,oct
23,2023-04-12,cust023,female,35,clothing,4,30,120,2023,4,apr
24,2023-11-29,cust024,female,49,clothing,1,300,300,2023,11,nov
25,2023-12-26,cust025,female,64,beauty,1,50,50,2023,12,dec
26,2023-10-07,cust026,female,28,electronics,2,500,1000,2023,10,oct
27,2023-08-03,cust027,female,38,beauty,2,25,50,2023,8,aug
28,2023-04-23,cust028,female,43,beauty,1,500,500,2023,4,apr
29,2023-08-18,cust029,female,42,electronics,1,30,30,2023,8,aug
30,2023-10-29,cust030,female,39,beauty,3,300,900,2023,10,oct
31,2023-05-23,cust031,male,44,electronics,4,300,1200,2023,5,may
32,2023-01-04,cust032,male,30,beauty,3,30,90,2023,1,jan
33,2023-03-23,cust033,female,50,electronics,2,50,100,2023,3,mar
34,2023-12-24,cust034,female,51,clothing,3,50,150,2023,12,dec
35,2023-08-05,cust035,female,58,beauty,3,300,900,2023,8,aug
36,2023-06-24,cust036,male,52,beauty,3,300,900,2023,6,jun
37,2023-05-23,cust037,female,18,beauty,3,25,75,2023,5,may
38,2023-03-21,cust038,male,38,beauty,4,50,200,2023,3,mar
39,2023-04-21,cust039,male,23,clothing,4,30,120,2023,4,apr
40,2023-06-22,cust040,male,45,beauty,1,50,50,2023,6,jun
41,2023-02-22,cust041,male,34,clothing,2,25,50,2023,2,feb
42,2023-02-17,cust042,male,22,clothing,3,300,900,2023,2,feb
43,2023-07-14,cust043,female,48,clothing,1,300,300,2023,7,jul
44,2023-02-19,cust044,female,22,clothing,1,25,25,2023,2,feb
45,2023-07-03,cust045,female,55,electronics,1,30,30,2023,7,jul
46,2023-06-26,cust046,female,20,electronics,4,300,1200,2023,6,jun
47,2023-11-06,cust047,female,40,beauty,3,500,1500,2023,11,nov
48,2023-05-16,cust048,male,54,electronics,3,300,900,2023,5,may
49,2023-01-23,cust049,female,54,electronics,2,500,1000,2023,1,jan
50,2023-08-24,cust050,female,27,beauty,3,25,75,2023,8,aug
51,2023-10-02,cust051,male,27,beauty,3,25,75,2023,10,oct
52,2023-03-05,cust052,female,36,beauty,1,300,300,2023,3,mar
53,2023-07-13,cust053,male,34,electronics,2,50,100,2023,7,jul
54,2023-02-10,cust054,female,38,electronics,3,500,1500,2023,2,feb
55,2023-10-10,cust055,male,31,beauty,4,30,120,2023,10,oct
56,2023-05-31,cust056,female,26,clothing,3,300,900,2023,5,may
57,2023-11-18,cust057,female,63,beauty,1,30,30,2023,11,nov
58,2023-11-13,cust058,male,18,clothing,4,300,1200,2023,11,nov
59,2023-07-05,cust059,male,62,clothing,1,50,50,2023,7,jul
60,2023-10-23,cust060,male,30,beauty,3,50,150,2023,10,oct
61,2023-04-09,cust061,male,21,beauty,4,50,200,2023,4,apr
62,2023-12-27,cust062,male,18,beauty,2,50,100,2023,12,dec
63,2023-02-05,cust063,male,57,electronics,2,25,50,2023,2,feb
64,2023-01-24,cust064,male,49,clothing,4,25,100,2023,1,jan
65,2023-12-05,cust065,male,51,electronics,4,500,2000,2023,12,dec
66,2023-04-27,cust066,female,45,electronics,1,30,30,2023,4,apr
67,2023-05-29,cust067,female,48,beauty,4,300,1200,2023,5,may
68,2023-02-10,cust068,male,25,electronics,1,300,300,2023,2,feb
69,2023-04-30,cust069,female,56,beauty,3,25,75,2023,4,apr
70,2023-02-21,cust070,female,43,clothing,1,300,300,2023,2,feb
71,2023-07-14,cust071,female,51,beauty,4,25,100,2023,7,jul
72,2023-05-23,cust072,female,20,electronics,4,500,2000,2023,5,may
73,2023-08-21,cust073,male,29,electronics,3,30,90,2023,8,aug
74,2023-11-22,cust074,female,18,beauty,4,500,2000,2023,11,nov
75,2023-07-06,cust075,male,61,beauty,4,50,200,2023,7,jul
76,2023-03-25,cust076,female,22,electronics,2,50,100,2023,3,mar
77,2023-07-09,cust077,female,47,clothing,2,50,100,2023,7,jul
78,2023-07-01,cust078,female,47,clothing,3,500,1500,2023,7,jul
79,2023-04-18,cust079,male,34,beauty,1,300,300,2023,4,apr
80,2023-12-10,cust080,female,64,clothing,2,30,60,2023,12,dec
81,2023-05-17,cust081,male,40,electronics,1,50,50,2023,5,may
82,2023-12-26,cust082,female,32,beauty,4,50,200,2023,12,dec
83,2023-12-16,cust083,male,54,electronics,2,50,100,2023,12,dec
84,2023-11-28,cust084,female,38,electronics,3,30,90,2023,11,nov
85,2023-02-06,cust085,male,31,clothing,3,50,150,2023,2,feb
86,2023-11-08,cust086,male,19,beauty,3,30,90,2023,11,nov
87,2023-11-22,cust087,female,28,beauty,2,50,100,2023,11,nov
88,2023-03-29,cust088,male,56,clothing,1,500,500,2023,3,mar
89,2023-10-01,cust089,female,55,electronics,4,500,2000,2023,10,oct
90,2023-05-06,cust090,female,51,electronics,1,30,30,2023,5,may
91,2023-03-25,cust091,female,55,electronics,1,500,500,2023,3,mar
92,2023-08-25,cust092,female,51,electronics,4,30,120,2023,8,aug
93,2023-07-14,cust093,female,35,beauty,4,500,2000,2023,7,jul
94,2023-05-19,cust094,female,47,beauty,2,500,1000,2023,5,may
95,2023-11-24,cust095,female,32,clothing,2,30,60,2023,11,nov
96,2023-12-19,cust096,female,44,clothing,2,300,600,2023,12,dec
97,2023-10-13,cust097,female,51,beauty,2,500,1000,2023,10,oct
98,2023-04-23,cust098,female,55,beauty,2,50,100,2023,4,apr
99,2023-12-17,cust099,female,50,electronics,4,300,1200,2023,12,dec
100,2023-06-16,cust100,male,41,electronics,1,30,30,2023,6,jun
101,2023-01-29,cust101,male,32,clothing,2,300,600,2023,1,jan
102,2023-04-28,cust102,female,47,beauty,2,25,50,2023,4,apr
103,2023-01-17,cust103,female,59,clothing,1,25,25,2023,1,jan
104,2023-06-11,cust104,female,34,beauty,2,500,1000,2023,6,jun
105,2023-07-25,cust105,female,22,electronics,1,500,500,2023,7,jul
106,2023-05-18,cust106,female,46,clothing,1,50,50,2023,5,may
107,2023-02-03,cust107,female,21,clothing,4,300,1200,2023,2,feb
108,2023-04-19,cust108,female,27,beauty,3,25,75,2023,4,apr
109,2023-10-18,cust109,female,34,electronics,4,500,2000,2023,10,oct
110,2023-06-11,cust110,male,27,clothing,3,300,900,2023,6,jun
111,2023-04-19,cust111,female,34,electronics,3,500,1500,2023,4,apr
112,2023-12-02,cust112,male,37,clothing,3,500,1500,2023,12,dec
113,2023-09-13,cust113,female,41,electronics,2,25,50,2023,9,sep
114,2023-07-22,cust114,female,22,beauty,4,25,100,2023,7,jul
115,2023-11-26,cust115,male,51,clothing,3,500,1500,2023,11,nov
116,2023-08-23,cust116,female,23,clothing,1,30,30,2023,8,aug
117,2023-03-15,cust117,male,19,electronics,2,500,1000,2023,3,mar
118,2023-05-16,cust118,female,30,electronics,4,500,2000,2023,5,may
119,2023-03-13,cust119,female,60,clothing,3,50,150,2023,3,mar
120,2023-05-07,cust120,male,60,beauty,1,50,50,2023,5,may
121,2023-10-15,cust121,female,28,electronics,4,50,200,2023,10,oct
122,2023-10-03,cust122,male,64,electronics,4,30,120,2023,10,oct
123,2023-05-15,cust123,female,40,electronics,2,30,60,2023,5,may
124,2023-10-27,cust124,male,33,clothing,4,500,2000,2023,10,oct
125,2023-08-08,cust125,male,48,clothing,2,50,100,2023,8,aug
126,2023-10-26,cust126,female,28,clothing,3,30,90,2023,10,oct
127,2023-07-24,cust127,female,33,clothing,2,25,50,2023,7,jul
128,2023-07-05,cust128,male,25,beauty,1,500,500,2023,7,jul
129,2023-04-23,cust129,female,21,beauty,2,300,600,2023,4,apr
130,2023-03-12,cust130,female,57,clothing,1,500,500,2023,3,mar
131,2023-09-18,cust131,female,21,beauty,2,300,600,2023,9,sep
132,2023-09-10,cust132,male,42,electronics,4,50,200,2023,9,sep
133,2023-02-16,cust133,male,20,electronics,3,300,900,2023,2,feb
134,2023-01-25,cust134,male,49,electronics,1,50,50,2023,1,jan
135,2023-02-26,cust135,male,20,clothing,2,25,50,2023,2,feb
136,2023-03-20,cust136,male,44,electronics,2,300,600,2023,3,mar
137,2023-11-18,cust137,male,46,beauty,2,500,1000,2023,11,nov
138,2023-03-23,cust138,male,49,clothing,4,50,200,2023,3,mar
139,2023-12-15,cust139,male,36,beauty,4,500,2000,2023,12,dec
140,2023-08-05,cust140,male,38,electronics,1,30,30,2023,8,aug
141,2023-11-02,cust141,female,22,electronics,1,50,50,2023,11,nov
142,2023-02-02,cust142,male,35,electronics,4,300,1200,2023,2,feb
143,2023-07-17,cust143,female,45,clothing,1,50,50,2023,7,jul
144,2023-07-15,cust144,female,59,beauty,3,500,1500,2023,7,jul
145,2023-11-02,cust145,female,39,clothing,3,25,75,2023,11,nov
146,2023-08-28,cust146,male,38,clothing,4,50,200,2023,8,aug
147,2023-09-28,cust147,male,23,electronics,1,300,300,2023,9,sep
148,2023-05-09,cust148,male,18,clothing,2,30,60,2023,5,may
149,2023-10-11,cust149,male,22,clothing,3,25,75,2023,10,oct
150,2023-01-06,cust150,female,58,electronics,4,30,120,2023,1,jan
151,2023-12-15,cust151,male,29,clothing,1,50,50,2023,12,dec
152,2023-02-28,cust152,male,43,electronics,4,500,2000,2023,2,feb
153,2023-12-16,cust153,male,63,electronics,2,500,1000,2023,12,dec
154,2023-10-02,cust154,male,51,electronics,3,300,900,2023,10,oct
155,2023-05-17,cust155,male,31,electronics,4,500,2000,2023,5,may
156,2023-11-25,cust156,female,43,clothing,4,25,100,2023,11,nov
157,2023-06-24,cust157,male,62,electronics,4,500,2000,2023,6,jun
158,2023-02-27,cust158,female,44,electronics,2,300,600,2023,2,feb
159,2023-05-31,cust159,male,26,clothing,4,50,200,2023,5,may
160,2023-08-11,cust160,female,43,clothing,2,50,100,2023,8,aug
161,2023-03-22,cust161,male,64,beauty,2,500,1000,2023,3,mar
162,2023-08-21,cust162,male,39,clothing,2,30,60,2023,8,aug
163,2023-01-02,cust163,female,64,clothing,3,50,150,2023,1,jan
164,2023-05-15,cust164,female,47,beauty,3,500,1500,2023,5,may
165,2023-09-14,cust165,female,60,clothing,4,300,1200,2023,9,sep
166,2023-04-02,cust166,male,34,clothing,4,500,2000,2023,4,apr
167,2023-09-17,cust167,female,43,clothing,3,50,150,2023,9,sep
168,2023-02-24,cust168,male,53,clothing,1,300,300,2023,2,feb
169,2023-11-17,cust169,male,18,beauty,3,500,1500,2023,11,nov
170,2023-06-02,cust170,female,25,clothing,2,25,50,2023,6,jun
171,2023-11-24,cust171,female,52,clothing,3,300,900,2023,11,nov
172,2023-09-17,cust172,male,32,beauty,2,25,50,2023,9,sep
173,2023-11-08,cust173,male,64,electronics,4,30,120,2023,11,nov
174,2023-04-12,cust174,female,39,beauty,1,300,300,2023,4,apr
175,2023-03-20,cust175,female,31,electronics,4,25,100,2023,3,mar
176,2023-07-11,cust176,female,43,beauty,2,50,100,2023,7,jul
177,2023-03-24,cust177,male,45,beauty,2,50,100,2023,3,mar
178,2023-10-04,cust178,male,40,clothing,2,30,60,2023,10,oct
179,2023-09-29,cust179,male,31,electronics,1,300,300,2023,9,sep
180,2023-01-01,cust180,male,41,clothing,3,300,900,2023,1,jan
181,2023-11-03,cust181,male,19,electronics,4,300,1200,2023,11,nov
182,2023-06-15,cust182,male,62,beauty,4,30,120,2023,6,jun
183,2023-09-08,cust183,female,43,beauty,3,300,900,2023,9,sep
184,2023-01-10,cust184,male,31,electronics,4,50,200,2023,1,jan
185,2023-02-27,cust185,male,24,clothing,1,25,25,2023,2,feb
186,2023-07-05,cust186,male,20,clothing,4,50,200,2023,7,jul
187,2023-06-07,cust187,female,64,clothing,2,50,100,2023,6,jun
188,2023-05-03,cust188,male,40,clothing,3,25,75,2023,5,may
189,2023-01-30,cust189,male,63,beauty,1,50,50,2023,1,jan
190,2023-05-04,cust190,female,60,beauty,3,30,90,2023,5,may
191,2023-10-18,cust191,male,64,beauty,1,25,25,2023,10,oct
192,2023-02-10,cust192,male,62,beauty,2,50,100,2023,2,feb
193,2023-02-13,cust193,male,35,beauty,3,500,1500,2023,2,feb
194,2023-09-06,cust194,male,55,clothing,4,50,200,2023,9,sep
195,2023-02-05,cust195,male,52,clothing,1,30,30,2023,2,feb
196,2023-09-30,cust196,female,32,clothing,3,300,900,2023,9,sep
197,2023-03-06,cust197,female,42,clothing,4,50,200,2023,3,mar
198,2023-03-07,cust198,female,54,beauty,3,300,900,2023,3,mar
199,2023-12-04,cust199,male,45,beauty,3,500,1500,2023,12,dec
200,2023-09-01,cust200,male,27,beauty,3,50,150,2023,9,sep
201,2023-10-09,cust201,male,56,electronics,1,25,25,2023,10,oct
202,2023-03-26,cust202,female,34,clothing,4,300,1200,2023,3,mar
203,2023-05-16,cust203,male,56,clothing,2,500,1000,2023,5,may
204,2023-09-28,cust204,male,39,beauty,1,25,25,2023,9,sep
205,2023-11-07,cust205,female,43,clothing,1,25,25,2023,11,nov
206,2023-08-05,cust206,male,61,clothing,1,25,25,2023,8,aug
207,2023-04-19,cust207,female,42,beauty,2,25,50,2023,4,apr
208,2023-10-04,cust208,female,34,electronics,4,50,200,2023,10,oct
209,2023-12-20,cust209,female,30,electronics,4,50,200,2023,12,dec
210,2023-04-13,cust210,male,37,electronics,4,50,200,2023,4,apr
211,2024-01-01,cust211,male,42,beauty,3,500,1500,2024,1,jan
212,2023-06-09,cust212,male,21,clothing,3,500,1500,2023,6,jun
213,2023-07-24,cust213,male,27,beauty,3,500,1500,2023,7,jul
214,2023-12-10,cust214,male,20,beauty,2,30,60,2023,12,dec
215,2023-11-29,cust215,male,58,clothing,3,500,1500,2023,11,nov
216,2023-07-11,cust216,male,62,electronics,2,50,100,2023,7,jul
217,2023-08-13,cust217,female,35,electronics,4,50,200,2023,8,aug
218,2023-09-22,cust218,male,64,beauty,3,30,90,2023,9,sep
219,2023-08-20,cust219,female,53,electronics,3,30,90,2023,8,aug
220,2023-03-03,cust220,male,64,beauty,1,500,500,2023,3,mar
221,2023-05-07,cust221,male,39,beauty,2,300,600,2023,5,may
222,2023-04-26,cust222,male,51,clothing,4,30,120,2023,4,apr
223,2023-02-02,cust223,female,64,clothing,1,25,25,2023,2,feb
224,2023-06-23,cust224,female,25,clothing,1,50,50,2023,6,jun
225,2023-01-11,cust225,female,57,beauty,4,25,100,2023,1,jan
226,2023-10-29,cust226,female,61,clothing,1,50,50,2023,10,oct
227,2023-10-11,cust227,male,36,electronics,2,50,100,2023,10,oct
228,2023-04-28,cust228,female,59,electronics,2,30,60,2023,4,apr
229,2023-10-29,cust229,male,58,beauty,3,30,90,2023,10,oct
230,2023-04-23,cust230,male,54,beauty,1,25,25,2023,4,apr
231,2023-01-04,cust231,female,23,clothing,3,50,150,2023,1,jan
232,2023-02-06,cust232,female,43,beauty,1,25,25,2023,2,feb
233,2023-12-29,cust233,female,51,beauty,2,300,600,2023,12,dec
234,2023-11-20,cust234,female,62,electronics,2,25,50,2023,11,nov
235,2023-01-31,cust235,female,23,electronics,2,500,1000,2023,1,jan
236,2023-04-28,cust236,female,54,clothing,1,25,25,2023,4,apr
237,2023-02-04,cust237,female,50,beauty,2,500,1000,2023,2,feb
238,2023-01-17,cust238,female,39,beauty,1,500,500,2023,1,jan
239,2023-06-19,cust239,male,38,electronics,3,500,1500,2023,6,jun
240,2023-02-06,cust240,female,23,beauty,1,300,300,2023,2,feb
241,2023-09-21,cust241,female,23,electronics,3,25,75,2023,9,sep
242,2023-05-02,cust242,male,21,clothing,1,25,25,2023,5,may
243,2023-05-23,cust243,female,47,electronics,3,300,900,2023,5,may
244,2023-12-09,cust244,male,28,beauty,2,50,100,2023,12,dec
245,2023-09-06,cust245,male,47,clothing,3,30,90,2023,9,sep
246,2023-04-20,cust246,female,48,electronics,2,25,50,2023,4,apr
247,2023-10-04,cust247,male,41,electronics,2,30,60,2023,10,oct
248,2023-03-09,cust248,male,26,clothing,3,300,900,2023,3,mar
249,2023-10-20,cust249,male,20,clothing,1,50,50,2023,10,oct
250,2023-10-23,cust250,male,48,electronics,1,50,50,2023,10,oct
251,2023-08-31,cust251,female,57,beauty,4,50,200,2023,8,aug
252,2023-05-05,cust252,male,54,electronics,1,300,300,2023,5,may
253,2023-08-31,cust253,female,53,clothing,4,500,2000,2023,8,aug
254,2023-07-28,cust254,male,41,electronics,1,500,500,2023,7,jul
255,2023-04-08,cust255,male,48,clothing,1,30,30,2023,4,apr
256,2023-02-18,cust256,male,23,clothing,2,500,1000,2023,2,feb
257,2023-02-19,cust257,male,19,beauty,4,500,2000,2023,2,feb
258,2023-12-04,cust258,female,37,clothing,1,50,50,2023,12,dec
259,2023-08-09,cust259,female,45,clothing,4,50,200,2023,8,aug
260,2023-07-01,cust260,male,28,beauty,2,30,60,2023,7,jul
261,2023-08-05,cust261,male,21,clothing,2,25,50,2023,8,aug
262,2023-07-30,cust262,female,32,beauty,4,30,120,2023,7,jul
263,2023-08-28,cust263,male,23,beauty,2,30,60,2023,8,aug
264,2023-01-28,cust264,male,47,clothing,3,300,900,2023,1,jan
265,2023-12-11,cust265,male,55,clothing,3,300,900,2023,12,dec
266,2023-12-01,cust266,female,19,electronics,2,30,60,2023,12,dec
267,2023-11-27,cust267,female,32,beauty,3,30,90,2023,11,nov
268,2023-02-20,cust268,female,28,electronics,1,30,30,2023,2,feb
269,2023-02-01,cust269,male,25,clothing,4,500,2000,2023,2,feb
270,2023-07-26,cust270,male,43,electronics,1,300,300,2023,7,jul
271,2023-06-23,cust271,female,62,beauty,4,30,120,2023,6,jun
272,2023-02-25,cust272,female,61,electronics,2,50,100,2023,2,feb
273,2023-05-08,cust273,female,22,beauty,1,50,50,2023,5,may
274,2023-04-09,cust274,female,23,clothing,2,500,1000,2023,4,apr
275,2023-04-08,cust275,male,43,clothing,2,500,1000,2023,4,apr
276,2023-10-02,cust276,female,21,beauty,4,25,100,2023,10,oct
277,2023-08-18,cust277,male,36,clothing,4,25,100,2023,8,aug
278,2023-03-13,cust278,female,37,clothing,4,25,100,2023,3,mar
279,2023-08-05,cust279,male,50,clothing,1,500,500,2023,8,aug
280,2023-04-04,cust280,female,37,clothing,3,500,1500,2023,4,apr
281,2023-05-23,cust281,female,29,beauty,4,500,2000,2023,5,may
282,2023-08-25,cust282,female,64,electronics,4,50,200,2023,8,aug
283,2023-05-08,cust283,female,18,electronics,1,500,500,2023,5,may
284,2023-02-08,cust284,male,43,clothing,4,50,200,2023,2,feb
285,2023-08-15,cust285,female,31,electronics,1,25,25,2023,8,aug
286,2023-10-09,cust286,male,55,electronics,2,25,50,2023,10,oct
287,2023-02-20,cust287,male,54,clothing,4,25,100,2023,2,feb
288,2023-01-26,cust288,male,28,clothing,4,30,120,2023,1,jan
289,2023-11-30,cust289,male,53,electronics,2,30,60,2023,11,nov
290,2023-10-04,cust290,female,30,beauty,2,300,600,2023,10,oct
291,2023-01-08,cust291,male,60,clothing,2,300,600,2023,1,jan
292,2023-02-17,cust292,male,20,beauty,4,300,1200,2023,2,feb
293,2023-05-02,cust293,male,50,electronics,3,30,90,2023,5,may
294,2023-03-27,cust294,female,23,clothing,3,30,90,2023,3,mar
295,2023-07-28,cust295,female,27,beauty,3,300,900,2023,7,jul
296,2023-09-06,cust296,female,22,clothing,4,300,1200,2023,9,sep
297,2023-09-04,cust297,female,40,electronics,2,500,1000,2023,9,sep
298,2023-04-20,cust298,male,27,beauty,4,300,1200,2023,4,apr
299,2023-07-25,cust299,male,61,electronics,2,500,1000,2023,7,jul
300,2023-01-31,cust300,female,19,electronics,4,50,200,2023,1,jan
301,2023-03-26,cust301,male,30,clothing,4,30,120,2023,3,mar
302,2023-07-14,cust302,male,57,beauty,2,300,600,2023,7,jul
303,2023-01-02,cust303,male,19,electronics,3,30,90,2023,1,jan
304,2023-07-19,cust304,female,37,electronics,2,30,60,2023,7,jul
305,2023-05-16,cust305,female,18,beauty,1,30,30,2023,5,may
306,2023-08-21,cust306,male,54,electronics,1,50,50,2023,8,aug
307,2023-05-27,cust307,female,26,electronics,2,25,50,2023,5,may
308,2023-08-05,cust308,female,34,beauty,4,300,1200,2023,8,aug
309,2023-12-23,cust309,female,26,beauty,1,25,25,2023,12,dec
310,2023-10-12,cust310,female,28,beauty,1,25,25,2023,10,oct
311,2023-12-05,cust311,female,32,beauty,4,25,100,2023,12,dec
312,2023-09-07,cust312,male,41,clothing,4,30,120,2023,9,sep
313,2023-03-21,cust313,female,55,beauty,3,500,1500,2023,3,mar
314,2023-04-08,cust314,male,52,clothing,4,30,120,2023,4,apr
315,2023-06-01,cust315,male,47,clothing,2,30,60,2023,6,jun
316,2023-04-22,cust316,female,48,clothing,2,25,50,2023,4,apr
317,2023-01-30,cust317,male,22,electronics,3,30,90,2023,1,jan
318,2023-10-24,cust318,male,61,clothing,1,25,25,2023,10,oct
319,2023-10-05,cust319,male,31,clothing,1,500,500,2023,10,oct
320,2023-02-01,cust320,female,28,electronics,4,300,1200,2023,2,feb
321,2023-06-10,cust321,female,26,electronics,2,25,50,2023,6,jun
322,2023-01-30,cust322,male,51,electronics,1,500,500,2023,1,jan
323,2023-01-26,cust323,female,29,beauty,3,300,900,2023,1,jan
324,2023-10-27,cust324,female,52,electronics,3,50,150,2023,10,oct
325,2023-09-02,cust325,female,52,electronics,2,25,50,2023,9,sep
326,2023-09-15,cust326,female,18,clothing,3,25,75,2023,9,sep
327,2023-09-29,cust327,male,57,electronics,3,50,150,2023,9,sep
328,2023-03-22,cust328,male,39,beauty,2,50,100,2023,3,mar
329,2023-01-30,cust329,female,46,electronics,4,25,100,2023,1,jan
330,2023-09-18,cust330,female,25,beauty,4,50,200,2023,9,sep
331,2023-02-11,cust331,male,28,electronics,3,30,90,2023,2,feb
332,2023-04-06,cust332,male,58,electronics,4,300,1200,2023,4,apr
333,2023-02-05,cust333,female,54,electronics,4,300,1200,2023,2,feb
334,2023-11-01,cust334,male,31,electronics,3,300,900,2023,11,nov
335,2023-02-04,cust335,female,47,beauty,4,30,120,2023,2,feb
336,2023-12-12,cust336,female,52,beauty,3,50,150,2023,12,dec
337,2023-05-01,cust337,male,38,clothing,1,500,500,2023,5,may
338,2023-07-26,cust338,male,54,beauty,2,50,100,2023,7,jul
339,2023-03-03,cust339,female,22,electronics,2,25,50,2023,3,mar
340,2023-10-19,cust340,female,36,clothing,4,300,1200,2023,10,oct
341,2023-05-07,cust341,male,31,clothing,4,50,200,2023,5,may
342,2023-10-24,cust342,female,43,clothing,4,500,2000,2023,10,oct
343,2023-11-01,cust343,male,21,electronics,2,25,50,2023,11,nov
344,2023-01-21,cust344,female,42,beauty,1,30,30,2023,1,jan
345,2023-11-14,cust345,male,62,electronics,1,30,30,2023,11,nov
346,2023-02-11,cust346,male,59,clothing,2,500,1000,2023,2,feb
347,2023-08-03,cust347,male,42,electronics,1,25,25,2023,8,aug
348,2023-12-03,cust348,female,35,electronics,2,300,600,2023,12,dec
349,2023-10-26,cust349,female,57,beauty,1,50,50,2023,10,oct
350,2023-10-17,cust350,male,25,beauty,3,25,75,2023,10,oct
351,2023-09-25,cust351,female,56,clothing,3,30,90,2023,9,sep
352,2023-06-11,cust352,male,57,electronics,2,500,1000,2023,6,jun
353,2023-05-14,cust353,male,31,electronics,1,500,500,2023,5,may
354,2023-04-15,cust354,female,49,beauty,4,50,200,2023,4,apr
355,2023-12-09,cust355,female,55,electronics,1,500,500,2023,12,dec
356,2023-06-10,cust356,male,50,electronics,3,500,1500,2023,6,jun
357,2023-05-03,cust357,female,40,electronics,3,25,75,2023,5,may
358,2023-05-16,cust358,female,32,beauty,1,300,300,2023,5,may
359,2023-07-22,cust359,male,50,clothing,1,50,50,2023,7,jul
360,2023-03-09,cust360,male,42,clothing,4,25,100,2023,3,mar
361,2023-12-10,cust361,female,34,electronics,4,300,1200,2023,12,dec
362,2023-11-27,cust362,male,50,clothing,1,25,25,2023,11,nov
363,2023-06-03,cust363,male,64,beauty,1,25,25,2023,6,jun
364,2023-08-23,cust364,female,19,beauty,1,500,500,2023,8,aug
365,2023-06-11,cust365,male,31,clothing,1,300,300,2023,6,jun
366,2023-02-07,cust366,male,57,clothing,2,50,100,2023,2,feb
367,2023-01-05,cust367,female,57,electronics,1,50,50,2023,1,jan
368,2023-08-23,cust368,female,56,clothing,4,300,1200,2023,8,aug
369,2023-11-15,cust369,male,23,electronics,3,500,1500,2023,11,nov
370,2023-10-16,cust370,male,23,electronics,2,30,60,2023,10,oct
371,2023-02-21,cust371,female,20,beauty,1,25,25,2023,2,feb
372,2023-02-07,cust372,female,24,beauty,3,500,1500,2023,2,feb
373,2023-10-03,cust373,female,25,beauty,2,300,600,2023,10,oct
374,2023-04-20,cust374,female,59,beauty,3,25,75,2023,4,apr
375,2023-09-17,cust375,male,32,clothing,1,50,50,2023,9,sep
376,2023-05-16,cust376,female,64,beauty,1,30,30,2023,5,may
377,2023-03-09,cust377,female,46,clothing,4,50,200,2023,3,mar
378,2023-06-28,cust378,male,50,beauty,1,300,300,2023,6,jun
379,2023-02-05,cust379,female,47,clothing,1,25,25,2023,2,feb
380,2023-05-06,cust380,male,56,electronics,2,300,600,2023,5,may
381,2023-07-09,cust381,female,44,clothing,4,25,100,2023,7,jul
382,2023-05-26,cust382,female,53,clothing,2,500,1000,2023,5,may
383,2023-03-22,cust383,female,46,beauty,3,30,90,2023,3,mar
384,2023-08-13,cust384,male,55,clothing,1,500,500,2023,8,aug
385,2023-10-06,cust385,male,50,electronics,3,500,1500,2023,10,oct
386,2023-12-27,cust386,female,54,electronics,2,300,600,2023,12,dec
387,2023-06-04,cust387,male,44,beauty,1,30,30,2023,6,jun
388,2023-11-10,cust388,male,50,electronics,1,25,25,2023,11,nov
389,2023-12-01,cust389,male,21,clothing,2,25,50,2023,12,dec
390,2023-09-28,cust390,male,39,electronics,2,50,100,2023,9,sep
391,2023-01-05,cust391,male,19,beauty,2,25,50,2023,1,jan
392,2023-12-08,cust392,male,27,clothing,2,300,600,2023,12,dec
393,2023-10-11,cust393,female,22,beauty,2,500,1000,2023,10,oct
394,2023-06-03,cust394,female,27,clothing,1,500,500,2023,6,jun
395,2023-12-06,cust395,male,50,electronics,2,500,1000,2023,12,dec
396,2023-02-23,cust396,female,55,beauty,1,30,30,2023,2,feb
397,2023-03-10,cust397,female,30,beauty,1,25,25,2023,3,mar
398,2023-05-16,cust398,female,48,clothing,2,300,600,2023,5,may
399,2023-03-01,cust399,female,64,beauty,2,30,60,2023,3,mar
400,2023-02-24,cust400,male,53,clothing,4,50,200,2023,2,feb
401,2023-10-11,cust401,female,62,clothing,1,300,300,2023,10,oct
402,2023-03-21,cust402,female,41,clothing,2,300,600,2023,3,mar
403,2023-05-20,cust403,male,32,clothing,2,300,600,2023,5,may
404,2023-05-25,cust404,male,46,electronics,2,500,1000,2023,5,may
405,2023-11-06,cust405,female,25,clothing,4,300,1200,2023,11,nov
406,2023-04-18,cust406,female,22,beauty,4,25,100,2023,4,apr
407,2023-06-25,cust407,female,46,electronics,3,300,900,2023,6,jun
408,2023-04-15,cust408,female,64,beauty,1,500,500,2023,4,apr
409,2023-12-18,cust409,female,21,electronics,3,300,900,2023,12,dec
410,2023-11-21,cust410,female,29,clothing,2,50,100,2023,11,nov
411,2023-05-16,cust411,male,62,electronics,4,50,200,2023,5,may
412,2023-09-16,cust412,female,19,electronics,4,500,2000,2023,9,sep
413,2023-09-08,cust413,female,44,beauty,3,25,75,2023,9,sep
414,2023-05-09,cust414,male,48,beauty,4,25,100,2023,5,may
415,2023-01-27,cust415,male,53,clothing,2,30,60,2023,1,jan
416,2023-02-17,cust416,male,53,electronics,4,500,2000,2023,2,feb
417,2023-11-21,cust417,male,43,electronics,3,300,900,2023,11,nov
418,2023-08-05,cust418,female,60,electronics,2,500,1000,2023,8,aug
419,2023-05-22,cust419,female,44,clothing,3,30,90,2023,5,may
420,2023-01-23,cust420,female,22,clothing,4,500,2000,2023,1,jan
421,2023-01-02,cust421,female,37,clothing,3,500,1500,2023,1,jan
422,2023-06-20,cust422,female,28,clothing,3,30,90,2023,6,jun
423,2023-03-08,cust423,female,27,clothing,1,25,25,2023,3,mar
424,2023-11-23,cust424,male,57,beauty,4,300,1200,2023,11,nov
425,2023-05-15,cust425,female,55,electronics,4,30,120,2023,5,may
426,2023-03-24,cust426,male,23,electronics,3,50,150,2023,3,mar
427,2023-08-15,cust427,male,25,electronics,1,25,25,2023,8,aug
428,2023-10-10,cust428,female,40,electronics,4,50,200,2023,10,oct
429,2023-12-28,cust429,male,64,electronics,2,25,50,2023,12,dec
430,2023-08-07,cust430,female,43,electronics,3,300,900,2023,8,aug
431,2023-10-15,cust431,male,63,electronics,4,300,1200,2023,10,oct
432,2023-01-05,cust432,female,60,electronics,2,500,1000,2023,1,jan
433,2023-02-27,cust433,male,29,beauty,4,50,200,2023,2,feb
434,2023-02-08,cust434,female,43,electronics,2,25,50,2023,2,feb
435,2023-12-20,cust435,female,30,beauty,3,300,900,2023,12,dec
436,2023-03-18,cust436,female,57,clothing,4,30,120,2023,3,mar
437,2023-10-07,cust437,female,35,electronics,4,300,1200,2023,10,oct
438,2023-01-19,cust438,female,42,clothing,1,30,30,2023,1,jan
439,2023-07-09,cust439,male,50,clothing,3,25,75,2023,7,jul
440,2023-10-26,cust440,male,64,clothing,2,300,600,2023,10,oct
441,2023-10-10,cust441,male,57,beauty,4,300,1200,2023,10,oct
442,2023-03-17,cust442,female,60,clothing,4,25,100,2023,3,mar
443,2023-08-09,cust443,male,29,clothing,2,300,600,2023,8,aug
444,2023-03-07,cust444,female,61,clothing,3,30,90,2023,3,mar
445,2023-01-22,cust445,female,53,electronics,1,300,300,2023,1,jan
446,2023-06-07,cust446,male,21,electronics,1,50,50,2023,6,jun
447,2023-07-06,cust447,male,22,beauty,4,500,2000,2023,7,jul
448,2023-01-21,cust448,female,54,beauty,2,30,60,2023,1,jan
449,2023-07-03,cust449,male,25,electronics,4,50,200,2023,7,jul
450,2023-04-18,cust450,female,59,beauty,2,25,50,2023,4,apr
451,2023-12-16,cust451,female,45,electronics,1,30,30,2023,12,dec
452,2023-05-08,cust452,female,48,clothing,3,500,1500,2023,5,may
453,2023-12-08,cust453,female,26,clothing,2,500,1000,2023,12,dec
454,2023-02-22,cust454,female,46,beauty,1,25,25,2023,2,feb
455,2023-07-01,cust455,male,31,electronics,4,25,100,2023,7,jul
456,2023-10-14,cust456,male,57,electronics,2,30,60,2023,10,oct
457,2023-07-28,cust457,female,58,beauty,3,300,900,2023,7,jul
458,2023-11-14,cust458,female,39,electronics,4,25,100,2023,11,nov
459,2023-03-21,cust459,male,28,clothing,4,300,1200,2023,3,mar
460,2023-05-02,cust460,male,40,beauty,1,50,50,2023,5,may
461,2023-03-25,cust461,female,18,beauty,2,500,1000,2023,3,mar
462,2023-04-01,cust462,male,63,electronics,4,300,1200,2023,4,apr
463,2023-07-31,cust463,female,54,beauty,3,500,1500,2023,7,jul
464,2023-01-13,cust464,male,38,electronics,2,300,600,2023,1,jan
465,2023-04-02,cust465,female,43,electronics,3,50,150,2023,4,apr
466,2023-06-20,cust466,male,63,electronics,4,25,100,2023,6,jun
467,2023-07-30,cust467,female,53,electronics,3,50,150,2023,7,jul
468,2023-12-09,cust468,male,40,electronics,1,25,25,2023,12,dec
469,2023-05-08,cust469,male,18,beauty,3,25,75,2023,5,may
470,2023-05-17,cust470,female,57,clothing,2,500,1000,2023,5,may
471,2023-03-23,cust471,male,32,clothing,3,50,150,2023,3,mar
472,2023-12-26,cust472,female,38,beauty,3,300,900,2023,12,dec
473,2023-02-25,cust473,male,64,beauty,1,50,50,2023,2,feb
474,2023-07-15,cust474,female,26,clothing,3,500,1500,2023,7,jul
475,2023-01-20,cust475,male,26,clothing,3,25,75,2023,1,jan
476,2023-08-29,cust476,female,27,clothing,4,500,2000,2023,8,aug
477,2023-04-24,cust477,male,43,clothing,4,30,120,2023,4,apr
478,2023-04-13,cust478,female,58,clothing,2,30,60,2023,4,apr
479,2023-08-24,cust479,male,52,electronics,4,300,1200,2023,8,aug
480,2023-06-29,cust480,female,42,beauty,4,500,2000,2023,6,jun
481,2023-06-06,cust481,female,43,electronics,4,300,1200,2023,6,jun
482,2023-04-27,cust482,female,28,clothing,4,300,1200,2023,4,apr
483,2023-04-25,cust483,male,55,clothing,1,30,30,2023,4,apr
484,2023-01-13,cust484,female,19,clothing,4,300,1200,2023,1,jan
485,2023-12-04,cust485,male,24,electronics,1,30,30,2023,12,dec
486,2023-04-09,cust486,female,35,electronics,1,25,25,2023,4,apr
487,2023-07-24,cust487,male,44,clothing,4,500,2000,2023,7,jul
488,2023-06-18,cust488,female,51,electronics,3,300,900,2023,6,jun
489,2023-05-23,cust489,male,44,electronics,1,30,30,2023,5,may
490,2023-02-05,cust490,male,34,clothing,3,50,150,2023,2,feb
491,2023-05-23,cust491,female,60,electronics,3,300,900,2023,5,may
492,2023-06-29,cust492,male,61,beauty,4,25,100,2023,6,jun
493,2023-11-25,cust493,male,41,beauty,2,25,50,2023,11,nov
494,2023-09-18,cust494,female,42,beauty,4,50,200,2023,9,sep
495,2023-07-24,cust495,male,24,beauty,2,30,60,2023,7,jul
496,2023-12-14,cust496,male,23,clothing,2,300,600,2023,12,dec
497,2023-10-02,cust497,male,41,clothing,4,30,120,2023,10,oct
498,2023-06-19,cust498,female,50,clothing,4,25,100,2023,6,jun
499,2023-01-15,cust499,male,46,beauty,2,30,60,2023,1,jan
500,2023-03-01,cust500,female,60,beauty,4,25,100,2023,3,mar
501,2023-05-14,cust501,male,39,electronics,2,30,60,2023,5,may
502,2023-04-02,cust502,male,43,electronics,3,50,150,2023,4,apr
503,2023-10-25,cust503,male,45,beauty,4,500,2000,2023,10,oct
504,2023-05-16,cust504,female,38,beauty,3,50,150,2023,5,may
505,2023-01-20,cust505,male,24,beauty,1,50,50,2023,1,jan
506,2023-02-25,cust506,male,34,beauty,3,500,1500,2023,2,feb
507,2023-11-02,cust507,female,37,electronics,3,500,1500,2023,11,nov
508,2023-08-11,cust508,male,58,beauty,2,300,600,2023,8,aug
509,2023-06-26,cust509,female,37,electronics,3,300,900,2023,6,jun
510,2023-06-10,cust510,female,39,beauty,4,50,200,2023,6,jun
511,2023-08-12,cust511,male,45,beauty,2,50,100,2023,8,aug
512,2023-11-07,cust512,female,57,beauty,1,25,25,2023,11,nov
513,2023-09-19,cust513,male,24,electronics,4,25,100,2023,9,sep
514,2023-03-01,cust514,female,18,electronics,1,300,300,2023,3,mar
515,2023-07-17,cust515,female,49,clothing,3,300,900,2023,7,jul
516,2023-10-23,cust516,male,30,beauty,4,25,100,2023,10,oct
517,2023-04-08,cust517,female,47,clothing,4,25,100,2023,4,apr
518,2023-05-11,cust518,female,40,clothing,1,30,30,2023,5,may
519,2023-01-23,cust519,female,36,electronics,4,30,120,2023,1,jan
520,2023-12-29,cust520,female,49,electronics,4,25,100,2023,12,dec
521,2023-08-12,cust521,female,47,clothing,4,30,120,2023,8,aug
522,2023-01-01,cust522,male,46,beauty,3,500,1500,2023,1,jan
523,2023-09-24,cust523,female,62,electronics,1,300,300,2023,9,sep
524,2023-10-03,cust524,male,46,beauty,4,300,1200,2023,10,oct
525,2023-12-18,cust525,female,47,beauty,2,25,50,2023,12,dec
526,2023-12-10,cust526,male,33,clothing,2,50,100,2023,12,dec
527,2023-04-11,cust527,male,57,clothing,2,25,50,2023,4,apr
528,2023-07-06,cust528,female,36,clothing,2,30,60,2023,7,jul
529,2023-08-09,cust529,female,35,clothing,3,50,150,2023,8,aug
530,2023-02-05,cust530,female,18,electronics,4,30,120,2023,2,feb
531,2023-12-07,cust531,male,31,electronics,1,500,500,2023,12,dec
532,2023-06-19,cust532,female,64,clothing,4,30,120,2023,6,jun
533,2023-11-16,cust533,male,19,electronics,3,500,1500,2023,11,nov
534,2023-06-10,cust534,male,45,clothing,2,500,1000,2023,6,jun
535,2023-12-06,cust535,male,47,beauty,3,30,90,2023,12,dec
536,2023-03-05,cust536,female,55,beauty,4,30,120,2023,3,mar
537,2023-06-03,cust537,female,21,beauty,1,500,500,2023,6,jun
538,2023-09-17,cust538,male,18,clothing,3,50,150,2023,9,sep
539,2023-06-08,cust539,male,25,beauty,1,500,500,2023,6,jun
540,2023-12-08,cust540,female,46,electronics,3,300,900,2023,12,dec
541,2023-07-29,cust541,male,56,beauty,1,500,500,2023,7,jul
542,2023-06-17,cust542,female,20,beauty,1,50,50,2023,6,jun
543,2023-07-26,cust543,male,49,beauty,2,300,600,2023,7,jul
544,2023-12-23,cust544,female,27,electronics,1,25,25,2023,12,dec
545,2023-06-01,cust545,male,27,clothing,2,25,50,2023,6,jun
546,2023-10-11,cust546,female,36,electronics,4,50,200,2023,10,oct
547,2023-03-07,cust547,male,63,clothing,4,500,2000,2023,3,mar
548,2023-04-09,cust548,female,51,clothing,2,30,60,2023,4,apr
549,2023-08-04,cust549,female,50,beauty,2,50,100,2023,8,aug
550,2023-12-07,cust550,male,40,clothing,3,300,900,2023,12,dec
551,2023-07-14,cust551,male,45,electronics,3,300,900,2023,7,jul
552,2023-12-13,cust552,female,49,electronics,3,25,75,2023,12,dec
553,2023-03-31,cust553,male,24,clothing,4,300,1200,2023,3,mar
554,2023-11-12,cust554,female,46,beauty,3,50,150,2023,11,nov
555,2023-10-19,cust555,male,25,beauty,1,300,300,2023,10,oct
556,2023-06-04,cust556,female,18,electronics,1,50,50,2023,6,jun
557,2023-07-27,cust557,female,20,beauty,3,30,90,2023,7,jul
558,2023-10-08,cust558,female,41,clothing,1,25,25,2023,10,oct
559,2023-01-01,cust559,female,40,clothing,4,300,1200,2023,1,jan
560,2023-06-05,cust560,female,25,electronics,1,50,50,2023,6,jun
561,2023-05-27,cust561,female,64,clothing,4,500,2000,2023,5,may
562,2023-04-18,cust562,male,54,electronics,2,25,50,2023,4,apr
563,2023-08-09,cust563,male,20,clothing,2,30,60,2023,8,aug
564,2023-10-24,cust564,male,50,electronics,2,50,100,2023,10,oct
565,2023-11-07,cust565,female,45,beauty,2,30,60,2023,11,nov
566,2023-12-02,cust566,female,64,clothing,1,30,30,2023,12,dec
567,2023-06-14,cust567,female,25,clothing,3,300,900,2023,6,jun
568,2023-08-27,cust568,female,51,electronics,1,300,300,2023,8,aug
569,2023-08-15,cust569,male,52,electronics,4,50,200,2023,8,aug
570,2023-08-15,cust570,male,49,clothing,1,500,500,2023,8,aug
571,2023-12-12,cust571,female,41,electronics,1,50,50,2023,12,dec
572,2023-04-20,cust572,male,31,clothing,4,500,2000,2023,4,apr
573,2023-09-19,cust573,male,49,beauty,2,30,60,2023,9,sep
574,2023-08-31,cust574,female,63,electronics,2,25,50,2023,8,aug
575,2023-03-28,cust575,male,60,clothing,2,50,100,2023,3,mar
576,2023-12-04,cust576,female,33,beauty,3,50,150,2023,12,dec
577,2023-02-13,cust577,male,21,beauty,4,500,2000,2023,2,feb
578,2023-05-26,cust578,female,54,clothing,4,30,120,2023,5,may
579,2023-09-21,cust579,female,38,electronics,1,30,30,2023,9,sep
580,2023-12-06,cust580,female,31,clothing,3,500,1500,2023,12,dec
581,2023-11-21,cust581,female,48,beauty,2,30,60,2023,11,nov
582,2023-11-14,cust582,male,35,clothing,3,300,900,2023,11,nov
583,2023-06-21,cust583,female,24,electronics,4,25,100,2023,6,jun
584,2023-02-17,cust584,female,27,beauty,4,50,200,2023,2,feb
585,2023-05-01,cust585,female,24,clothing,1,25,25,2023,5,may
586,2023-12-11,cust586,male,50,electronics,1,50,50,2023,12,dec
587,2023-06-08,cust587,female,40,beauty,4,300,1200,2023,6,jun
588,2023-04-26,cust588,male,38,electronics,2,30,60,2023,4,apr
589,2023-04-12,cust589,female,36,beauty,2,500,1000,2023,4,apr
590,2023-03-17,cust590,male,36,clothing,3,300,900,2023,3,mar
591,2023-01-13,cust591,male,53,electronics,4,25,100,2023,1,jan
592,2023-01-24,cust592,female,46,beauty,4,500,2000,2023,1,jan
593,2023-05-06,cust593,male,35,electronics,2,30,60,2023,5,may
594,2023-09-01,cust594,female,19,electronics,2,300,600,2023,9,sep
595,2023-11-09,cust595,female,18,clothing,4,500,2000,2023,11,nov
596,2023-02-07,cust596,female,64,electronics,1,300,300,2023,2,feb
597,2023-08-22,cust597,male,22,beauty,4,300,1200,2023,8,aug
598,2023-08-01,cust598,male,37,beauty,4,30,120,2023,8,aug
599,2023-11-19,cust599,female,28,beauty,2,50,100,2023,11,nov
600,2023-10-22,cust600,female,59,beauty,2,500,1000,2023,10,oct
601,2023-04-10,cust601,male,19,clothing,1,30,30,2023,4,apr
602,2023-12-23,cust602,female,20,electronics,1,300,300,2023,12,dec
603,2023-07-16,cust603,female,40,clothing,3,30,90,2023,7,jul
604,2023-09-11,cust604,female,29,electronics,4,50,200,2023,9,sep
605,2023-07-24,cust605,male,37,electronics,2,500,1000,2023,7,jul
606,2023-05-05,cust606,male,22,electronics,1,50,50,2023,5,may
607,2023-03-17,cust607,male,54,clothing,3,25,75,2023,3,mar
608,2023-12-02,cust608,female,55,electronics,3,500,1500,2023,12,dec
609,2023-12-19,cust609,female,47,clothing,2,50,100,2023,12,dec
610,2023-01-03,cust610,female,26,beauty,2,300,600,2023,1,jan
611,2023-02-24,cust611,male,51,beauty,3,500,1500,2023,2,feb
612,2023-08-06,cust612,female,61,electronics,1,500,500,2023,8,aug
613,2023-04-23,cust613,female,52,clothing,3,30,90,2023,4,apr
614,2023-04-01,cust614,female,39,beauty,4,300,1200,2023,4,apr
615,2023-12-23,cust615,female,61,clothing,4,25,100,2023,12,dec
616,2023-09-23,cust616,male,41,clothing,2,50,100,2023,9,sep
617,2023-08-26,cust617,male,34,electronics,1,30,30,2023,8,aug
618,2023-01-26,cust618,female,27,beauty,1,50,50,2023,1,jan
619,2023-10-13,cust619,male,47,electronics,4,25,100,2023,10,oct
620,2023-05-08,cust620,male,63,electronics,3,25,75,2023,5,may
621,2023-03-04,cust621,female,40,beauty,2,500,1000,2023,3,mar
622,2023-08-22,cust622,female,49,beauty,3,25,75,2023,8,aug
623,2023-03-10,cust623,male,34,clothing,3,50,150,2023,3,mar
624,2023-08-26,cust624,female,34,beauty,3,300,900,2023,8,aug
625,2023-12-08,cust625,male,31,clothing,1,300,300,2023,12,dec
626,2023-09-29,cust626,female,26,clothing,4,500,2000,2023,9,sep
627,2023-10-14,cust627,male,57,clothing,1,50,50,2023,10,oct
628,2023-11-01,cust628,female,19,beauty,4,50,200,2023,11,nov
629,2023-06-12,cust629,male,62,electronics,2,25,50,2023,6,jun
630,2023-08-15,cust630,male,42,clothing,2,50,100,2023,8,aug
631,2023-11-10,cust631,male,56,electronics,3,30,90,2023,11,nov
632,2023-09-16,cust632,female,26,electronics,4,25,100,2023,9,sep
633,2023-08-07,cust633,male,39,beauty,4,30,120,2023,8,aug
634,2023-10-08,cust634,male,60,electronics,4,500,2000,2023,10,oct
635,2023-08-17,cust635,female,63,electronics,3,300,900,2023,8,aug
636,2023-03-23,cust636,female,21,beauty,3,500,1500,2023,3,mar
637,2023-09-01,cust637,male,43,clothing,2,300,600,2023,9,sep
638,2023-08-19,cust638,male,46,electronics,1,500,500,2023,8,aug
639,2023-05-13,cust639,female,62,beauty,4,50,200,2023,5,may
640,2023-05-07,cust640,female,51,electronics,4,30,120,2023,5,may
641,2023-11-23,cust641,female,40,electronics,1,300,300,2023,11,nov
642,2023-05-22,cust642,female,54,clothing,4,25,100,2023,5,may
643,2023-09-24,cust643,female,28,electronics,3,30,90,2023,9,sep
644,2023-09-06,cust644,male,23,beauty,3,25,75,2023,9,sep
645,2023-11-17,cust645,female,35,electronics,4,30,120,2023,11,nov
646,2023-05-03,cust646,male,38,clothing,3,30,90,2023,5,may
647,2023-05-21,cust647,male,59,clothing,3,500,1500,2023,5,may
648,2023-08-14,cust648,male,53,beauty,4,300,1200,2023,8,aug
649,2023-02-09,cust649,female,58,clothing,2,300,600,2023,2,feb
650,2024-01-01,cust650,male,55,electronics,1,30,30,2024,1,jan
651,2023-05-27,cust651,male,51,clothing,3,50,150,2023,5,may
652,2023-05-01,cust652,female,34,beauty,2,50,100,2023,5,may
653,2023-05-20,cust653,male,54,clothing,3,25,75,2023,5,may
654,2023-06-21,cust654,male,42,clothing,3,25,75,2023,6,jun
655,2023-06-13,cust655,female,55,clothing,1,500,500,2023,6,jun
656,2023-10-04,cust656,male,29,beauty,3,30,90,2023,10,oct
657,2023-02-11,cust657,male,40,clothing,1,25,25,2023,2,feb
658,2023-03-12,cust658,male,59,clothing,1,25,25,2023,3,mar
659,2023-03-19,cust659,female,39,electronics,1,30,30,2023,3,mar
660,2023-04-29,cust660,female,38,beauty,2,500,1000,2023,4,apr
661,2023-07-16,cust661,female,44,clothing,4,25,100,2023,7,jul
662,2023-12-22,cust662,male,48,beauty,2,500,1000,2023,12,dec
663,2023-03-20,cust663,male,23,clothing,4,300,1200,2023,3,mar
664,2023-12-28,cust664,female,44,clothing,4,500,2000,2023,12,dec
665,2023-04-20,cust665,male,57,clothing,1,50,50,2023,4,apr
666,2023-02-02,cust666,male,51,electronics,3,50,150,2023,2,feb
667,2023-08-01,cust667,female,29,electronics,1,500,500,2023,8,aug
668,2023-07-28,cust668,female,62,electronics,3,50,150,2023,7,jul
669,2023-06-19,cust669,male,24,beauty,4,300,1200,2023,6,jun
670,2023-10-05,cust670,male,27,beauty,1,30,30,2023,10,oct
671,2023-08-27,cust671,male,62,electronics,3,50,150,2023,8,aug
672,2023-08-01,cust672,female,34,beauty,2,50,100,2023,8,aug
673,2023-02-01,cust673,female,43,clothing,3,500,1500,2023,2,feb
674,2023-04-16,cust674,female,38,clothing,1,300,300,2023,4,apr
675,2023-08-04,cust675,female,45,clothing,2,30,60,2023,8,aug
676,2023-07-19,cust676,male,63,electronics,3,500,1500,2023,7,jul
677,2023-10-27,cust677,female,19,beauty,3,500,1500,2023,10,oct
678,2023-12-23,cust678,female,60,electronics,3,300,900,2023,12,dec
679,2023-01-11,cust679,female,18,beauty,3,30,90,2023,1,jan
680,2023-10-22,cust680,female,53,clothing,3,300,900,2023,10,oct
681,2023-07-14,cust681,female,43,electronics,2,30,60,2023,7,jul
682,2023-09-02,cust682,male,46,beauty,4,300,1200,2023,9,sep
683,2023-01-04,cust683,male,38,beauty,2,500,1000,2023,1,jan
684,2023-06-30,cust684,female,28,clothing,2,500,1000,2023,6,jun
685,2023-06-02,cust685,male,57,electronics,2,25,50,2023,6,jun
686,2023-07-19,cust686,female,28,electronics,4,50,200,2023,7,jul
687,2023-08-03,cust687,female,53,electronics,1,300,300,2023,8,aug
688,2023-10-03,cust688,male,56,clothing,4,25,100,2023,10,oct
689,2023-10-07,cust689,male,57,electronics,2,50,100,2023,10,oct
690,2023-11-05,cust690,female,52,clothing,3,300,900,2023,11,nov
691,2023-04-23,cust691,female,51,clothing,3,30,90,2023,4,apr
692,2023-09-07,cust692,female,64,clothing,2,50,100,2023,9,sep
693,2023-04-23,cust693,male,41,beauty,3,500,1500,2023,4,apr
694,2023-05-20,cust694,female,39,electronics,2,25,50,2023,5,may
695,2023-08-12,cust695,female,22,electronics,3,50,150,2023,8,aug
696,2023-09-06,cust696,female,50,clothing,4,50,200,2023,9,sep
697,2023-01-15,cust697,male,53,clothing,1,500,500,2023,1,jan
698,2023-07-19,cust698,female,64,electronics,1,300,300,2023,7,jul
699,2023-06-22,cust699,female,37,clothing,4,30,120,2023,6,jun
700,2023-12-09,cust700,male,36,electronics,4,500,2000,2023,12,dec
701,2023-12-14,cust701,female,52,beauty,2,30,60,2023,12,dec
702,2023-07-27,cust702,female,60,clothing,2,300,600,2023,7,jul
703,2023-03-26,cust703,male,34,electronics,2,50,100,2023,3,mar
704,2023-08-28,cust704,female,62,clothing,3,30,90,2023,8,aug
705,2023-03-07,cust705,male,60,electronics,2,25,50,2023,3,mar
706,2023-11-15,cust706,male,51,electronics,4,25,100,2023,11,nov
707,2023-10-01,cust707,female,26,clothing,1,500,500,2023,10,oct
708,2023-01-14,cust708,female,43,beauty,3,300,900,2023,1,jan
709,2023-07-21,cust709,female,19,electronics,2,500,1000,2023,7,jul
710,2023-10-31,cust710,female,26,electronics,3,500,1500,2023,10,oct
711,2023-10-16,cust711,male,26,electronics,3,500,1500,2023,10,oct
712,2023-12-06,cust712,female,57,beauty,2,25,50,2023,12,dec
713,2023-01-14,cust713,male,34,beauty,3,25,75,2023,1,jan
714,2023-02-12,cust714,female,18,clothing,1,500,500,2023,2,feb
715,2023-11-26,cust715,female,42,beauty,4,25,100,2023,11,nov
716,2023-08-08,cust716,female,60,clothing,4,300,1200,2023,8,aug
717,2023-03-11,cust717,male,57,clothing,1,500,500,2023,3,mar
718,2023-08-25,cust718,female,59,beauty,3,25,75,2023,8,aug
719,2023-04-04,cust719,female,42,clothing,2,30,60,2023,4,apr
720,2023-01-26,cust720,female,56,beauty,3,500,1500,2023,1,jan
721,2023-05-14,cust721,female,52,clothing,1,500,500,2023,5,may
722,2023-07-14,cust722,male,20,beauty,3,300,900,2023,7,jul
723,2023-06-17,cust723,female,54,beauty,4,50,200,2023,6,jun
724,2023-04-19,cust724,male,61,clothing,3,50,150,2023,4,apr
725,2023-08-21,cust725,male,61,electronics,1,300,300,2023,8,aug
726,2023-06-17,cust726,male,47,clothing,4,300,1200,2023,6,jun
727,2023-06-22,cust727,male,55,beauty,3,300,900,2023,6,jun
728,2023-07-14,cust728,male,51,electronics,3,50,150,2023,7,jul
729,2023-05-23,cust729,male,29,clothing,4,300,1200,2023,5,may
730,2023-08-04,cust730,female,36,clothing,2,25,50,2023,8,aug
731,2023-05-10,cust731,male,54,clothing,4,500,2000,2023,5,may
732,2023-02-11,cust732,male,61,electronics,2,500,1000,2023,2,feb
733,2023-08-29,cust733,male,34,beauty,1,30,30,2023,8,aug
734,2023-01-10,cust734,female,27,clothing,1,30,30,2023,1,jan
735,2023-10-04,cust735,female,64,clothing,4,500,2000,2023,10,oct
736,2023-01-27,cust736,male,29,clothing,4,25,100,2023,1,jan
737,2023-06-29,cust737,female,33,clothing,1,50,50,2023,6,jun
738,2023-04-25,cust738,male,41,clothing,2,50,100,2023,4,apr
739,2023-11-29,cust739,male,36,beauty,1,25,25,2023,11,nov
740,2023-02-05,cust740,female,25,beauty,4,50,200,2023,2,feb
741,2023-11-30,cust741,male,48,clothing,1,300,300,2023,11,nov
742,2023-01-21,cust742,female,38,electronics,4,500,2000,2023,1,jan
743,2023-01-16,cust743,female,34,beauty,4,500,2000,2023,1,jan
744,2023-05-07,cust744,male,40,electronics,1,25,25,2023,5,may
745,2023-04-13,cust745,male,54,beauty,2,50,100,2023,4,apr
746,2023-01-11,cust746,female,33,clothing,3,30,90,2023,1,jan
747,2023-11-15,cust747,male,23,beauty,1,30,30,2023,11,nov
748,2023-03-20,cust748,male,25,clothing,3,50,150,2023,3,mar
749,2023-05-03,cust749,male,42,beauty,1,30,30,2023,5,may
750,2023-03-06,cust750,female,35,clothing,3,25,75,2023,3,mar
751,2023-08-31,cust751,female,42,clothing,2,25,50,2023,8,aug
752,2023-12-09,cust752,male,29,clothing,2,50,100,2023,12,dec
753,2023-02-28,cust753,female,32,clothing,1,30,30,2023,2,feb
754,2023-10-16,cust754,female,43,electronics,4,25,100,2023,10,oct
755,2023-04-22,cust755,female,58,clothing,3,25,75,2023,4,apr
756,2023-08-27,cust756,female,62,electronics,4,300,1200,2023,8,aug
757,2023-12-25,cust757,female,43,electronics,4,300,1200,2023,12,dec
758,2023-05-12,cust758,male,64,clothing,4,25,100,2023,5,may
759,2023-07-08,cust759,male,49,electronics,2,50,100,2023,7,jul
760,2023-03-27,cust760,male,27,beauty,1,500,500,2023,3,mar
761,2023-11-07,cust761,female,33,clothing,1,500,500,2023,11,nov
762,2023-11-07,cust762,female,24,electronics,2,25,50,2023,11,nov
763,2023-02-28,cust763,male,34,clothing,2,25,50,2023,2,feb
764,2023-03-25,cust764,female,40,clothing,1,25,25,2023,3,mar
765,2023-06-09,cust765,male,43,clothing,4,50,200,2023,6,jun
766,2023-02-25,cust766,male,38,electronics,3,300,900,2023,2,feb
767,2023-10-24,cust767,male,39,beauty,3,25,75,2023,10,oct
768,2023-01-14,cust768,female,24,beauty,3,25,75,2023,1,jan
769,2023-06-09,cust769,female,31,electronics,4,30,120,2023,6,jun
770,2023-10-22,cust770,male,32,clothing,1,50,50,2023,10,oct
771,2023-12-13,cust771,male,24,electronics,2,25,50,2023,12,dec
772,2023-07-12,cust772,male,26,electronics,1,30,30,2023,7,jul
773,2023-07-23,cust773,male,25,electronics,4,500,2000,2023,7,jul
774,2023-04-12,cust774,female,40,clothing,2,25,50,2023,4,apr
775,2023-02-08,cust775,female,46,electronics,4,25,100,2023,2,feb
776,2023-10-31,cust776,male,35,clothing,3,30,90,2023,10,oct
777,2023-12-20,cust777,male,48,electronics,3,50,150,2023,12,dec
778,2023-11-18,cust778,female,47,beauty,4,25,100,2023,11,nov
779,2023-05-05,cust779,female,56,electronics,2,500,1000,2023,5,may
780,2023-02-22,cust780,male,52,electronics,2,25,50,2023,2,feb
781,2023-12-23,cust781,male,35,beauty,1,500,500,2023,12,dec
782,2023-06-04,cust782,male,59,clothing,3,300,900,2023,6,jun
783,2023-12-17,cust783,female,56,clothing,1,300,300,2023,12,dec
784,2023-11-04,cust784,female,34,electronics,1,500,500,2023,11,nov
785,2023-03-03,cust785,female,31,beauty,4,50,200,2023,3,mar
786,2023-10-17,cust786,male,48,clothing,4,25,100,2023,10,oct
787,2023-01-22,cust787,male,41,electronics,1,25,25,2023,1,jan
788,2023-06-27,cust788,female,52,beauty,3,300,900,2023,6,jun
789,2023-09-30,cust789,female,61,clothing,4,500,2000,2023,9,sep
790,2023-08-08,cust790,male,62,clothing,1,25,25,2023,8,aug
791,2023-12-05,cust791,female,51,beauty,1,25,25,2023,12,dec
792,2023-07-09,cust792,female,20,beauty,1,50,50,2023,7,jul
793,2023-02-05,cust793,male,54,beauty,1,30,30,2023,2,feb
794,2023-09-17,cust794,female,60,beauty,1,300,300,2023,9,sep
795,2023-11-28,cust795,male,57,electronics,1,300,300,2023,11,nov
796,2023-06-24,cust796,male,43,beauty,4,30,120,2023,6,jun
797,2023-01-07,cust797,male,40,clothing,3,25,75,2023,1,jan
798,2023-08-04,cust798,male,61,clothing,1,50,50,2023,8,aug
799,2023-09-08,cust799,male,56,electronics,2,50,100,2023,9,sep
800,2023-02-24,cust800,male,32,clothing,4,300,1200,2023,2,feb
801,2023-08-10,cust801,male,21,clothing,4,50,200,2023,8,aug
802,2023-07-05,cust802,female,46,beauty,1,30,30,2023,7,jul
803,2023-11-22,cust803,male,39,clothing,4,25,100,2023,11,nov
804,2023-08-24,cust804,male,42,electronics,1,30,30,2023,8,aug
805,2023-12-29,cust805,female,30,beauty,3,500,1500,2023,12,dec
806,2023-03-20,cust806,female,35,beauty,3,300,900,2023,3,mar
807,2023-08-11,cust807,female,50,electronics,4,50,200,2023,8,aug
808,2023-04-01,cust808,male,33,beauty,4,500,2000,2023,4,apr
809,2023-09-25,cust809,female,62,beauty,2,50,100,2023,9,sep
810,2023-11-30,cust810,male,59,electronics,4,25,100,2023,11,nov
811,2023-05-19,cust811,male,61,beauty,2,25,50,2023,5,may
812,2023-11-12,cust812,male,19,electronics,3,25,75,2023,11,nov
813,2023-10-03,cust813,male,52,electronics,3,50,150,2023,10,oct
814,2023-09-05,cust814,female,59,clothing,1,500,500,2023,9,sep
815,2023-08-27,cust815,female,51,clothing,3,25,75,2023,8,aug
816,2023-08-12,cust816,male,47,beauty,2,500,1000,2023,8,aug
817,2023-10-31,cust817,male,30,beauty,4,50,200,2023,10,oct
818,2023-05-18,cust818,male,30,electronics,1,500,500,2023,5,may
819,2023-06-15,cust819,female,35,beauty,2,50,100,2023,6,jun
820,2023-05-06,cust820,male,49,electronics,4,50,200,2023,5,may
821,2023-02-14,cust821,male,49,electronics,1,300,300,2023,2,feb
822,2023-05-23,cust822,female,52,beauty,3,50,150,2023,5,may
823,2023-08-19,cust823,female,56,electronics,2,50,100,2023,8,aug
824,2023-05-05,cust824,male,63,clothing,4,30,120,2023,5,may
825,2023-08-26,cust825,female,46,beauty,1,25,25,2023,8,aug
826,2023-10-19,cust826,female,46,clothing,1,300,300,2023,10,oct
827,2023-11-09,cust827,male,61,beauty,3,300,900,2023,11,nov
828,2023-12-09,cust828,female,33,electronics,4,300,1200,2023,12,dec
829,2023-07-14,cust829,male,61,beauty,3,30,90,2023,7,jul
830,2023-06-22,cust830,female,64,clothing,3,50,150,2023,6,jun
831,2023-01-15,cust831,male,27,electronics,4,25,100,2023,1,jan
832,2023-09-11,cust832,male,47,beauty,4,500,2000,2023,9,sep
833,2023-06-16,cust833,male,42,beauty,4,50,200,2023,6,jun
834,2023-04-04,cust834,female,56,beauty,2,30,60,2023,4,apr
835,2023-09-07,cust835,male,37,clothing,4,50,200,2023,9,sep
836,2023-04-19,cust836,female,22,clothing,1,50,50,2023,4,apr
837,2023-07-01,cust837,male,18,beauty,3,30,90,2023,7,jul
838,2023-05-13,cust838,male,47,electronics,2,300,600,2023,5,may
839,2023-06-24,cust839,female,20,electronics,4,300,1200,2023,6,jun
840,2023-05-24,cust840,male,62,clothing,2,25,50,2023,5,may
841,2023-11-02,cust841,male,31,electronics,4,25,100,2023,11,nov
842,2023-12-26,cust842,female,47,clothing,2,300,600,2023,12,dec
843,2023-05-22,cust843,male,21,beauty,3,500,1500,2023,5,may
844,2023-10-12,cust844,male,35,clothing,3,50,150,2023,10,oct
845,2023-01-06,cust845,male,54,clothing,1,500,500,2023,1,jan
846,2023-09-22,cust846,male,42,beauty,1,50,50,2023,9,sep
847,2023-04-08,cust847,female,18,electronics,4,300,1200,2023,4,apr
848,2023-02-13,cust848,female,63,clothing,3,25,75,2023,2,feb
849,2023-05-04,cust849,male,32,clothing,2,25,50,2023,5,may
850,2023-07-28,cust850,female,26,beauty,2,500,1000,2023,7,jul
851,2023-09-08,cust851,male,32,electronics,2,25,50,2023,9,sep
852,2023-10-12,cust852,female,41,clothing,1,300,300,2023,10,oct
853,2023-05-04,cust853,male,21,beauty,2,500,1000,2023,5,may
854,2023-12-20,cust854,male,29,clothing,1,50,50,2023,12,dec
855,2023-09-01,cust855,male,54,beauty,1,25,25,2023,9,sep
856,2023-11-27,cust856,male,54,electronics,4,30,120,2023,11,nov
857,2023-12-31,cust857,male,60,electronics,2,25,50,2023,12,dec
858,2023-09-09,cust858,male,23,electronics,2,50,100,2023,9,sep
859,2023-08-18,cust859,female,56,electronics,3,500,1500,2023,8,aug
860,2023-01-09,cust860,male,63,clothing,4,50,200,2023,1,jan
861,2023-02-17,cust861,female,41,clothing,3,30,90,2023,2,feb
862,2023-05-31,cust862,male,28,electronics,4,300,1200,2023,5,may
863,2023-04-24,cust863,female,30,electronics,2,25,50,2023,4,apr
864,2023-07-27,cust864,female,51,electronics,1,500,500,2023,7,jul
865,2023-12-21,cust865,female,42,clothing,1,300,300,2023,12,dec
866,2023-05-05,cust866,male,24,electronics,1,50,50,2023,5,may
867,2023-06-06,cust867,male,21,electronics,1,500,500,2023,6,jun
868,2023-12-06,cust868,female,25,electronics,1,300,300,2023,12,dec
869,2023-10-25,cust869,male,37,beauty,3,500,1500,2023,10,oct
870,2023-07-08,cust870,female,46,electronics,4,30,120,2023,7,jul
871,2023-08-31,cust871,male,62,beauty,2,30,60,2023,8,aug
872,2023-10-11,cust872,female,63,beauty,3,25,75,2023,10,oct
873,2023-09-29,cust873,female,27,electronics,4,25,100,2023,9,sep
874,2023-06-26,cust874,male,60,beauty,1,30,30,2023,6,jun
875,2023-08-06,cust875,female,51,electronics,4,500,2000,2023,8,aug
876,2023-10-09,cust876,male,43,clothing,4,30,120,2023,10,oct
877,2023-06-19,cust877,female,58,clothing,1,25,25,2023,6,jun
878,2023-06-30,cust878,female,20,clothing,1,30,30,2023,6,jun
879,2023-12-26,cust879,male,23,clothing,1,30,30,2023,12,dec
880,2023-08-21,cust880,male,22,beauty,2,500,1000,2023,8,aug
881,2023-05-19,cust881,male,22,electronics,1,300,300,2023,5,may
882,2023-06-06,cust882,female,64,electronics,2,25,50,2023,6,jun
883,2023-05-09,cust883,male,40,electronics,1,500,500,2023,5,may
884,2023-04-29,cust884,female,26,clothing,2,30,60,2023,4,apr
885,2023-03-03,cust885,female,52,clothing,4,30,120,2023,3,mar
886,2023-04-09,cust886,male,37,electronics,3,300,900,2023,4,apr
887,2023-06-11,cust887,male,59,clothing,4,25,100,2023,6,jun
888,2023-03-03,cust888,female,52,electronics,4,25,100,2023,3,mar
889,2023-10-02,cust889,female,35,electronics,1,50,50,2023,10,oct
890,2023-12-20,cust890,male,34,electronics,2,25,50,2023,12,dec
891,2023-04-05,cust891,male,41,electronics,3,300,900,2023,4,apr
892,2023-04-09,cust892,male,20,electronics,1,50,50,2023,4,apr
893,2023-04-21,cust893,male,49,electronics,1,50,50,2023,4,apr
894,2023-09-05,cust894,male,52,electronics,1,30,30,2023,9,sep
895,2023-05-22,cust895,female,55,clothing,4,30,120,2023,5,may
896,2023-10-29,cust896,female,30,electronics,2,25,50,2023,10,oct
897,2023-09-26,cust897,female,64,electronics,2,50,100,2023,9,sep
898,2023-11-02,cust898,female,42,clothing,3,30,90,2023,11,nov
899,2023-05-25,cust899,male,26,clothing,2,300,600,2023,5,may
900,2023-02-21,cust900,male,21,clothing,2,30,60,2023,2,feb
901,2023-04-10,cust901,male,31,electronics,1,30,30,2023,4,apr
902,2023-06-01,cust902,female,54,beauty,1,50,50,2023,6,jun
903,2023-04-27,cust903,female,51,beauty,4,50,200,2023,4,apr
904,2023-07-04,cust904,male,28,clothing,1,500,500,2023,7,jul
905,2023-04-02,cust905,male,58,beauty,1,300,300,2023,4,apr
906,2023-06-04,cust906,female,20,clothing,1,50,50,2023,6,jun
907,2023-01-08,cust907,female,45,electronics,1,25,25,2023,1,jan
908,2023-12-29,cust908,male,46,beauty,4,300,1200,2023,12,dec
909,2023-10-01,cust909,male,26,electronics,1,300,300,2023,10,oct
910,2023-03-06,cust910,female,20,beauty,3,50,150,2023,3,mar
911,2023-05-21,cust911,male,42,electronics,3,300,900,2023,5,may
912,2023-01-24,cust912,male,51,beauty,3,50,150,2023,1,jan
913,2023-01-28,cust913,male,29,electronics,3,30,90,2023,1,jan
914,2023-10-11,cust914,female,59,electronics,1,500,500,2023,10,oct
915,2023-05-30,cust915,female,26,beauty,3,30,90,2023,5,may
916,2023-12-24,cust916,female,32,electronics,1,50,50,2023,12,dec
917,2023-03-06,cust917,female,57,electronics,4,50,200,2023,3,mar
918,2023-11-23,cust918,female,42,electronics,3,30,90,2023,11,nov
919,2023-09-09,cust919,female,22,beauty,2,25,50,2023,9,sep
920,2023-02-22,cust920,female,28,beauty,3,25,75,2023,2,feb
921,2023-01-07,cust921,male,51,electronics,3,25,75,2023,1,jan
922,2023-10-21,cust922,male,41,electronics,1,50,50,2023,10,oct
923,2023-05-26,cust923,male,32,beauty,3,300,900,2023,5,may
924,2023-08-29,cust924,male,55,beauty,2,50,100,2023,8,aug
925,2023-09-03,cust925,male,25,electronics,1,300,300,2023,9,sep
926,2023-08-14,cust926,male,22,electronics,1,30,30,2023,8,aug
927,2023-06-24,cust927,male,43,electronics,4,500,2000,2023,6,jun
928,2023-04-05,cust928,female,35,clothing,4,300,1200,2023,4,apr
929,2023-01-27,cust929,female,23,beauty,3,25,75,2023,1,jan
930,2023-05-10,cust930,male,54,clothing,4,50,200,2023,5,may
931,2023-09-02,cust931,male,30,beauty,4,30,120,2023,9,sep
932,2023-02-28,cust932,female,45,beauty,4,25,100,2023,2,feb
933,2023-02-03,cust933,male,22,beauty,1,30,30,2023,2,feb
934,2023-07-25,cust934,male,30,beauty,1,500,500,2023,7,jul
935,2023-09-09,cust935,female,34,beauty,1,50,50,2023,9,sep
936,2023-02-07,cust936,male,57,beauty,4,50,200,2023,2,feb
937,2023-10-23,cust937,female,62,beauty,1,500,500,2023,10,oct
938,2023-11-19,cust938,male,49,clothing,4,50,200,2023,11,nov
939,2023-12-18,cust939,female,46,electronics,1,300,300,2023,12,dec
940,2023-01-28,cust940,female,20,electronics,1,30,30,2023,1,jan
941,2023-03-19,cust941,female,57,clothing,2,25,50,2023,3,mar
942,2023-03-18,cust942,male,51,clothing,3,500,1500,2023,3,mar
943,2023-10-16,cust943,female,57,clothing,4,300,1200,2023,10,oct
944,2023-06-05,cust944,male,44,clothing,2,25,50,2023,6,jun
945,2023-02-13,cust945,male,30,beauty,1,25,25,2023,2,feb
946,2023-05-08,cust946,male,62,electronics,4,500,2000,2023,5,may
947,2023-03-02,cust947,male,50,beauty,1,300,300,2023,3,mar
948,2023-10-13,cust948,female,23,electronics,3,25,75,2023,10,oct
949,2023-08-02,cust949,female,41,electronics,2,25,50,2023,8,aug
950,2023-11-07,cust950,male,36,clothing,3,300,900,2023,11,nov
951,2023-11-02,cust951,male,33,beauty,2,50,100,2023,11,nov
952,2023-11-13,cust952,female,57,clothing,1,25,25,2023,11,nov
953,2023-04-26,cust953,male,45,beauty,3,30,90,2023,4,apr
954,2023-09-25,cust954,female,50,electronics,3,300,900,2023,9,sep
955,2023-07-14,cust955,male,58,clothing,1,25,25,2023,7,jul
956,2023-08-19,cust956,male,30,clothing,3,500,1500,2023,8,aug
957,2023-08-15,cust957,female,60,electronics,4,30,120,2023,8,aug
958,2023-06-02,cust958,male,62,electronics,2,25,50,2023,6,jun
959,2023-10-29,cust959,female,42,electronics,2,30,60,2023,10,oct
960,2023-08-08,cust960,male,59,clothing,2,30,60,2023,8,aug
961,2023-06-06,cust961,male,53,beauty,4,50,200,2023,6,jun
962,2023-10-19,cust962,male,44,clothing,2,30,60,2023,10,oct
963,2023-11-14,cust963,female,55,beauty,1,50,50,2023,11,nov
964,2023-01-31,cust964,male,24,clothing,3,300,900,2023,1,jan
965,2023-11-09,cust965,male,22,clothing,4,50,200,2023,11,nov
966,2023-02-20,cust966,male,60,electronics,2,500,1000,2023,2,feb
967,2023-04-17,cust967,male,62,beauty,1,25,25,2023,4,apr
968,2023-11-17,cust968,female,48,clothing,3,300,900,2023,11,nov
969,2023-04-19,cust969,female,40,clothing,3,300,900,2023,4,apr
970,2023-05-16,cust970,male,59,electronics,4,500,2000,2023,5,may
971,2023-12-05,cust971,female,27,electronics,4,50,200,2023,12,dec
972,2023-02-11,cust972,male,49,beauty,4,25,100,2023,2,feb
973,2023-03-22,cust973,male,60,clothing,1,50,50,2023,3,mar
974,2023-05-03,cust974,male,47,beauty,1,30,30,2023,5,may
975,2023-03-30,cust975,female,56,clothing,4,50,200,2023,3,mar
976,2023-10-10,cust976,female,48,beauty,2,300,600,2023,10,oct
977,2023-02-08,cust977,female,35,electronics,3,25,75,2023,2,feb
978,2023-03-22,cust978,female,53,clothing,3,50,150,2023,3,mar
979,2023-01-02,cust979,female,19,beauty,1,25,25,2023,1,jan
980,2023-07-29,cust980,female,31,electronics,3,25,75,2023,7,jul
981,2023-08-19,cust981,female,30,electronics,2,30,60,2023,8,aug
982,2023-12-19,cust982,female,46,beauty,3,30,90,2023,12,dec
983,2023-11-01,cust983,female,29,clothing,1,300,300,2023,11,nov
984,2023-08-29,cust984,male,56,clothing,1,500,500,2023,8,aug
985,2023-05-30,cust985,female,19,electronics,2,25,50,2023,5,may
986,2023-01-17,cust986,female,49,clothing,2,500,1000,2023,1,jan
987,2023-04-29,cust987,female,30,clothing,3,300,900,2023,4,apr
988,2023-05-28,cust988,female,63,clothing,3,25,75,2023,5,may
989,2023-12-28,cust989,female,44,electronics,1,25,25,2023,12,dec
990,2023-05-25,cust990,female,58,beauty,2,500,1000,2023,5,may
991,2023-12-26,cust991,female,34,clothing,2,50,100,2023,12,dec
992,2023-08-21,cust992,female,57,electronics,2,30,60,2023,8,aug
993,2023-02-06,cust993,female,48,electronics,3,50,150,2023,2,feb
994,2023-12-18,cust994,female,51,beauty,2,500,1000,2023,12,dec
995,2023-04-30,cust995,female,41,clothing,1,30,30,2023,4,apr
996,2023-05-16,cust996,male,62,clothing,1,50,50,2023,5,may
997,2023-11-17,cust997,male,52,beauty,3,30,90,2023,11,nov
998,2023-10-29,cust998,female,23,beauty,4,25,100,2023,10,oct
999,2023-12-05,cust999,female,36,electronics,3,50,150,2023,12,dec
1000,2023-04-12,cust1000,male,47,electronics,4,30,120,2023,4,apr
